INSERT INTO season
VALUES 
(1, '2020-11-01', '2020-12-31', false ), 
(2, '2021-1-01', '2021-02-28', false),
(3, '2021-03-01', '2021-04-30', false);

INSERT INTO league
VALUES
(1, 1, 1, 1),
(2, 2, 1, 1),
(3, 2, 2, 1),
(4, 1, 1, 2),
(5, 2, 1, 2),
(6, 2, 2, 2),
(7, 3, 1, 2),
(8, 3, 2, 2),
(9, 3, 3, 2),
(10, 3, 4, 2);

INSERT INTO game
VALUES
(1, 1, 1, false),
(2, 1, 2, false),
(3, 1, 3, false),
(4, 1, 4, false),
(5, 1, 5, false),
(6, 1, 6, false),
(7, 1, 7, false),
(8, 2, 1, false),
(9, 2, 2, false),
(10, 2, 3, false),
(11, 2, 4, false),
(12, 2, 5, false),
(13, 2, 6, false),
(14, 2, 7, false),
(15, 3, 1, false),
(16, 3, 2, false),
(17, 3, 3, false),
(18, 3, 4, false),
(19, 3, 5, false),
(20, 3, 6, false),
(21, 3, 7, false),
(22, 4, 1, false),
(23, 4, 2, false),
(24, 4, 3, false),
(25, 4, 4, false),
(26, 4, 5, false),
(27, 4, 6, false),
(28, 4, 7, false),
(29, 5, 1, false),
(30, 5, 2, false),
(31, 5, 3, false),
(32, 5, 4, false),
(33, 5, 5, false),
(34, 5, 6, false),
(35, 5, 7, false),
(36, 6, 1, false),
(37, 6, 2, false),
(38, 6, 3, false),
(39, 6, 4, false),
(40, 6, 5, false),
(41, 6, 6, false),
(42, 6, 7, false);


INSERT INTO player
VALUES
(1, 'Adam', false, '2021-01-24'),
(2, 'Luke', false, '2021-01-24'),
(3, 'John', false, '2021-01-24'),
(4, 'Mark', false, '2021-01-24'),
(5, 'April', false, '2021-01-24'),
(6, 'May', false, '2021-01-24'),
(7, 'June', false, '2021-01-24'),
(8, 'Frosty', false, '2021-01-24'),
(9, 'Jack', false, '2021-01-24'),
(10, 'Roy', false, '2021-01-24'),
(11, 'Toy', false, '2021-01-24'),
(12, 'Joy', false, '2021-01-24'),
(13, 'Boy', false, '2021-01-24'),
(14, 'Van', false, '2021-01-24'),
(15, 'Hon', false, '2021-01-24'),
(16, 'Solo', false, '2021-01-24'),
(17, 'Darth', false, '2021-01-24'),
(18, 'Vader', false, '2021-01-24'),
(19, 'Tron', false, '2021-01-24'),
(20, 'Edward', false, '2021-01-24'),
(21, 'Brock', false, '2021-01-24');

INSERT INTO game_player (game_id, player_id)
VALUES 
(1, 2),
(1, 5),
(1, 6),
(1, 7),
(2, 1),
(2, 2),
(2, 3),
(2, 7),
(3, 1),
(3, 4),
(3, 5),
(3, 7),
(4, 1),
(4, 3),
(4, 5),
(4, 6),
(5, 2),
(5, 3),
(5, 4),
(5, 5),
(6, 2),
(6, 3),
(6, 6),
(6, 7),
(7, 1),
(7, 2),
(7, 4),
(7, 6),
(8, 9),
(8, 12),
(8, 13),
(8, 14),
(9, 8),
(9, 9),
(9, 10),
(9, 14),
(10, 8),
(10, 11),
(10, 12),
(10, 14),
(11, 8),
(11, 10),
(11, 12),
(11, 13),
(12, 9),
(12, 10),
(12, 11),
(12, 12),
(13, 9),
(13, 10),
(13, 13),
(13, 14),
(14, 8),
(14, 9),
(14, 11),
(14, 13),
(15, 16),
(15, 19),
(15, 20),
(15, 21),
(16, 15),
(16, 16),
(16, 17),
(16, 21),
(17, 15),
(17, 18),
(17, 19),
(17, 21),
(18, 15),
(18, 17),
(18, 19),
(18, 20),
(19, 16),
(19, 17),
(19, 18),
(19, 19),
(20, 16),
(20, 17),
(20, 20),
(20, 21),
(21, 15),
(21, 16),
(21, 18),
(21, 20),
(22, 3),
(22, 4),
(22, 6),
(22, 7),
(23, 2),
(23, 3),
(23, 4),
(23, 5),
(24, 1),
(24, 4),
(24, 5),
(24, 7),
(25, 2),
(25, 5),
(25, 6),
(25, 7),
(26, 1),
(26, 2),
(26, 3),
(26, 7),
(27, 1),
(27, 2),
(27, 4),
(27, 6),
(28, 1),
(28, 3),
(28, 5),
(28, 6),
(29, 10),
(29, 11),
(29, 13),
(29, 14),
(30, 9),
(30, 10),
(30, 11),
(30, 12),
(31, 8),
(31, 11),
(31, 12),
(31, 14),
(32, 9),
(32, 12),
(32, 13),
(32, 14),
(33, 8),
(33, 9),
(33, 10),
(33, 14),
(34, 8),
(34, 9),
(34, 11),
(34, 13),
(35, 8),
(35, 10),
(35, 12),
(35, 13),
(36, 17),
(36, 18),
(36, 20),
(36, 21),
(37, 16),
(37, 17),
(37, 18),
(37, 19),
(38, 15),
(38, 18),
(38, 19),
(38, 21),
(39, 16),
(39, 19),
(39, 20),
(39, 21),
(40, 15),
(40, 16),
(40, 17),
(40, 21),
(41, 15),
(41, 16),
(41, 18),
(41, 20),
(42, 15),
(42, 17),
(42, 19),
(42, 20);

INSERT INTO leauge_player (league_id, player_id)
VALUES
(1, 1),
(1, 2),
(1, 3),
(1, 4),
(1, 5),
(1, 6),
(1, 7),
(2, 8),
(2, 9),
(2, 10),
(2, 11),
(2, 12),
(2, 13),
(2, 14),
(3, 15),
(3, 16),
(3, 17),
(3, 18),
(3, 19),
(3, 20),
(3, 21),
(4, 1),
(4, 2),
(4, 3),
(4, 4),
(4, 5),
(4, 6),
(4, 7),
(5, 8),
(5, 9),
(5, 10),
(5, 11),
(5, 12),
(5, 13),
(5, 14),
(6, 15),
(6, 16),
(6, 17),
(6, 18),
(6, 19),
(6, 20),
(6, 21);


